Название товара;Ссылка
Вінтажна жіноча сумка-шоппер Shvigel 16349 Коричневий;https://tviy.club/sumki-genskiekoganye-genskie-sumki/2686-sumki-genskiekoganye-genskie-sumki/vintagnaya-genskaya-sumka-shopper-shvigel-16349-korichnevyj
Вінтажна жіноча сумка-шоппер Shvigel 16350 Бордовий;https://tviy.club/sumki-genskiekoganye-genskie-sumki/2686-sumki-genskiekoganye-genskie-sumki/vintagnaya-genskaya-sumka-shopper-shvigel-16350-bordovyj
Вінтажна шкіряна сумка жіноча Shvigel 16347 Чорний;https://tviy.club/sumki-genskiekoganye-genskie-sumki/2686-sumki-genskiekoganye-genskie-sumki/vintagnaya-koganaya-genskaya-sumka-shvigel-16347-chernyj
Вінтажна яскрава шкіряна сумка Shvigel 16348 Червоний;https://tviy.club/sumki-genskiekoganye-genskie-sumki/2686-sumki-genskiekoganye-genskie-sumki/vintagnaya-yarkaya-koganaya-sumka-shvigel-16348-krasnyj
Жіноча бананка із натуральної шкіри Shvigel 16389 Сірий;https://tviy.club/sumki-genskiekoganye-genskie-sumki/2686-sumki-genskiekoganye-genskie-sumki/genskaya-bananka-iz-naturalnoj-kogi-shvigel-16389-seryj
Жіноча поясна шкіряна сумка 20342 Vintage Різнокольорова;https://tviy.club/sumki-genskiekoganye-genskie-sumki/2686-sumki-genskiekoganye-genskie-sumki/genskaya-poyasnaya-koganaya-sumka-20342-vintage-raznotsvetnaya
Жіноча стильна сумка з натуральної шкіри GRANDE PELLE 11434 Чорний;https://tviy.club/sumki-genskiekoganye-genskie-sumki/2686-sumki-genskiekoganye-genskie-sumki/genskaya-stilnaya-sumka-iz-naturalnoj-kogi-grande-pelle-11434-chernyj
Жіноча сумка з натуральної шкіри GRANDE PELLE 11435 Рожевий;https://tviy.club/sumki-genskiekoganye-genskie-sumki/2686-sumki-genskiekoganye-genskie-sumki/genskaya-sumka-iz-naturalnoj-kogi-grande-pelle-11435-rozovyj
Жіноча сумка крос-боді із натуральної шкіри Shvigel 16342 Червоний;https://tviy.club/sumki-genskiekoganye-genskie-sumki/2686-sumki-genskiekoganye-genskie-sumki/genskaya-sumka-kross-bodi-iz-naturalnoj-kogi-shvigel-16342-krasnyj
Жіноча сумка крос-боді з натуральної шкіри Shvigel 16341 Чорний;https://tviy.club/sumki-genskiekoganye-genskie-sumki/2686-sumki-genskiekoganye-genskie-sumki/genskaya-sumka-kross-bodi-iz-naturalnoj-kogi-shvigel-16341-chernyj
Жіноча сумка крос-боді з натуральної шкіри Shvigel 16344 Жовтий;https://tviy.club/sumki-genskiekoganye-genskie-sumki/2686-sumki-genskiekoganye-genskie-sumki/genskaya-sumka-kross-bodi-iz-naturalnoj-kogi-shvigel-16344-geltyj
Жіноча сумка-шопер з натуральної шкіри GRANDE PELLE 11436 Чорний;https://tviy.club/sumki-genskiekoganye-genskie-sumki/2686-sumki-genskiekoganye-genskie-sumki/genskaya-sumka-shoper-iz-naturalnoj-kogi-grande-pelle-11436-chernyj
Жіноча шкіряна бананка Shvigel 16375 Рожевий;https://tviy.club/sumki-genskiekoganye-genskie-sumki/2686-sumki-genskiekoganye-genskie-sumki/genskaya-koganaya-bananka-shvigel-16375-rozovyj
Жіноча шкіряна сумка Vintage 20488 Чорний;https://tviy.club/sumki-genskiekoganye-genskie-sumki/2686-sumki-genskiekoganye-genskie-sumki/genskaya-koganaya-sumka-vintage-20488-chernyj
Жіноча шкіряна сумка на пояс Shvigel 16372 Червоний;https://tviy.club/sumki-genskiekoganye-genskie-sumki/2686-sumki-genskiekoganye-genskie-sumki/genskaya-koganaya-sumka-na-poyas-shvigel-16372-krasnyj
Жіноча шкіряна сумка-гаманець GRANDE PELLE 11441 Червоний;https://tviy.club/sumki-genskiekoganye-genskie-sumki/2686-sumki-genskiekoganye-genskie-sumki/genskaya-koganaya-sumka-koshelek-grande-pelle-11441-krasnyj
Женская бананка из натуральной кожи Shvigel 16378 Лимонный;https://tviy.club/sumki-genskiekoganye-genskie-sumki/2686-sumki-genskiekoganye-genskie-sumki/genskaya-bananka-iz-naturalnoj-kogi-shvigel-16378-limonnyj
Зручна шкіряна жіноча бананка Shvigel 16374 Блакитний;https://tviy.club/sumki-genskiekoganye-genskie-sumki/2686-sumki-genskiekoganye-genskie-sumki/koganaya-udobnaya-genskaya-bananka-shvigel-16374-goluboj
Класична жіноча сумка в шкірі флотар Vintage 14861 Чорна;https://tviy.club/sumki-genskiekoganye-genskie-sumki/2686-sumki-genskiekoganye-genskie-sumki/klassicheskaya-genskaya-sumka-v-koge-flotar-vintage-14861-chernaya
Класична жіноча сумка в шкірі флотар Vintage 14875 Руда;https://tviy.club/sumki-genskiekoganye-genskie-sumki/2686-sumki-genskiekoganye-genskie-sumki/klassicheskaya-genskaya-sumka-v-koge-flotar-vintage-14875-rygaya
Класична жіноча сумка-шоппер Shvigel 16365 Чорний;https://tviy.club/sumki-genskiekoganye-genskie-sumki/2686-sumki-genskiekoganye-genskie-sumki/klassicheskaya-genskaya-sumka-shopper-shvigel-16365-chernyj
Клатч жіночий STINGRAY LEATHER 18507 з натуральної шкіри морського ската Чорний;https://tviy.club/sumki-genskiekoganye-genskie-sumki/2686-sumki-genskiekoganye-genskie-sumki/klatch-genskij-stingray-leather-18507-iz-naturalnoj-kogi-morskogo-skata-chernyj
Клатч жіночий STINGRAY LEATHER 18508 з натуральної шкіри морського ската Червоний;https://tviy.club/sumki-genskiekoganye-genskie-sumki/2686-sumki-genskiekoganye-genskie-sumki/klatch-genskij-stingray-leather-18508-iz-naturalnoj-kogi-morskogo-skata-krasnyj
Містка жіноча сумка-шоппер Shvigel 16369 Синій;https://tviy.club/sumki-genskiekoganye-genskie-sumki/2686-sumki-genskiekoganye-genskie-sumki/vmestitelnaya-genskaya-sumka-shopper-shvigel-16369-sinij
Містка шкіряна жіноча сумка-шоппер Shvigel 16356 Рожевий;https://tviy.club/sumki-genskiekoganye-genskie-sumki/2686-sumki-genskiekoganye-genskie-sumki/vmestitelnaya-koganaya-genskaya-sumka-shopper-shvigel-16356-rozovyj
Матова жіноча бананка Shvigel 16395 Коричневий;https://tviy.club/sumki-genskiekoganye-genskie-sumki/2686-sumki-genskiekoganye-genskie-sumki/matovaya-genskaya-bananka-shvigel-16395-korichnevyj
Модна жіноча бананка із натуральної шкіри Shvigel 16392 Малиновий;https://tviy.club/sumki-genskiekoganye-genskie-sumki/2686-sumki-genskiekoganye-genskie-sumki/modnaya-genskaya-bananka-iz-naturalnoj-kogi-shvigel-16392-malinovyj
Невелика жіноча шкіряна сумка Vintage 20685 Чорний;https://tviy.club/sumki-genskiekoganye-genskie-sumki/2686-sumki-genskiekoganye-genskie-sumki/nebolshaya-koganaya-genskaya-sumka-vintage-20685-chernyj
Оригінальна жіноча бананка із натуральної шкіри Shvigel 16379 Сірий;https://tviy.club/sumki-genskiekoganye-genskie-sumki/2686-sumki-genskiekoganye-genskie-sumki/originalnaya-genskaya-bananka-iz-naturalnoj-kogi-shvigel-16379-seryj
Практична жіноча бананка Shvigel 16385 Рожевий;https://tviy.club/sumki-genskiekoganye-genskie-sumki/2686-sumki-genskiekoganye-genskie-sumki/praktichnaya-genskaya-bananka-shvigel-16385-rozovyj
Практична шкіряна жіноча поясна сумка GRANDE PELLE 11359 Рожевий;https://tviy.club/sumki-genskiekoganye-genskie-sumki/2686-sumki-genskiekoganye-genskie-sumki/praktichnaya-koganaya-genskaya-poyasnaya-sumka-grande-pelle-11359-rozovyj
Стильна вінтажна жіноча бананка Shvigel 16394 Чорний;https://tviy.club/sumki-genskiekoganye-genskie-sumki/2686-sumki-genskiekoganye-genskie-sumki/stilnaya-vintagnaya-genskaya-bananka-shvigel-16394-chernyj
Стильна вінтажна сумка жіноча Shvigel 16338 Чорний;https://tviy.club/sumki-genskiekoganye-genskie-sumki/2686-sumki-genskiekoganye-genskie-sumki/stilnaya-vintagnaya-genskaya-sumka-shvigel-16338-chernyj
Стильна жіноча бананка із натуральної шкіри Shvigel 16391 Бежевий;https://tviy.club/sumki-genskiekoganye-genskie-sumki/2686-sumki-genskiekoganye-genskie-sumki/stilnaya-genskaya-bananka-iz-naturalnoj-kogi-shvigel-16391-begevyj
Стильна жіноча сумка Shvigel 16358 Жовтий;https://tviy.club/sumki-genskiekoganye-genskie-sumki/2686-sumki-genskiekoganye-genskie-sumki/stilnaya-genskaya-sumka-shvigel-16358-geltyj
Стильна жіноча сумка-шоппер Shvigel 16368 Бордовий;https://tviy.club/sumki-genskiekoganye-genskie-sumki/2686-sumki-genskiekoganye-genskie-sumki/stilnaya-genskaya-sumka-shopper-shvigel-16368-bordovyj
Сумка дорожня Vintage 14135 шкіряна Чорна;https://tviy.club/sumki-genskiekoganye-genskie-sumki/2686-sumki-genskiekoganye-genskie-sumki/sumka-dorognaya-vintage-14135-koganaya-chernaya
Сумка жіноча CROCODILE LEATHER 18618 з натуральної шкіри крокодила Чорна;https://tviy.club/sumki-genskiekoganye-genskie-sumki/2686-sumki-genskiekoganye-genskie-sumki/sumka-genskaya-crocodile-leather-18618-iz-naturalnoj-kogi-krokodila-chernaya
Сумка жіноча на блискавці флотар Vintage 20405 Червона;https://tviy.club/sumki-genskiekoganye-genskie-sumki/2686-sumki-genskiekoganye-genskie-sumki/sumka-genskaya-na-molnii-flotar-vintage-20405-krasnaya
Сумка жіноча на блискавці флотар Vintage 20406 Синя;https://tviy.club/sumki-genskiekoganye-genskie-sumki/2686-sumki-genskiekoganye-genskie-sumki/sumka-genskaya-na-molnii-flotar-vintage-20406-sinyaya
Сумка жіноча на блискавці флотар Vintage 20407 Чорна;https://tviy.club/sumki-genskiekoganye-genskie-sumki/2686-sumki-genskiekoganye-genskie-sumki/sumka-genskaya-na-molnii-flotar-vintage-20407-chernaya
Сумка жіноча прямокутної форми Vintage 20400 Чорна;https://tviy.club/sumki-genskiekoganye-genskie-sumki/2686-sumki-genskiekoganye-genskie-sumki/sumka-genskaya-pryamougolnoj-formy-vintage-20400-chernaya
Сумка жіноча шкіряна на 2 відділення Vintage 20050 Чорна;https://tviy.club/sumki-genskiekoganye-genskie-sumki/2686-sumki-genskiekoganye-genskie-sumki/sumka-genskaya-koganaya-na-2-otdeleniya-vintage-20050-chernaya
Сумка жіноча шкіряна на одне відділення Vintage 20051 Чорна;https://tviy.club/sumki-genskiekoganye-genskie-sumki/2686-sumki-genskiekoganye-genskie-sumki/sumka-genskaya-koganaya-na-odno-otdelenie-vintage-20051-chernaya
Сумка клатч з ланцюжком Vintage 20408 Помаранчева;https://tviy.club/sumki-genskiekoganye-genskie-sumki/2686-sumki-genskiekoganye-genskie-sumki/sumka-klatch-s-tsepochkoj-vintage-20408-orangevaya
Сумка клатч з ланцюжком Vintage 20409 Чорна;https://tviy.club/sumki-genskiekoganye-genskie-sumki/2686-sumki-genskiekoganye-genskie-sumki/sumka-klatch-s-tsepochkoj-vintage-20409-chernaya
Сучасна жіноча сумка-шоппер Shvigel 16361 Блакитний;https://tviy.club/sumki-genskiekoganye-genskie-sumki/2686-sumki-genskiekoganye-genskie-sumki/sovremennaya-genskaya-sumka-shopper-shvigel-16361-goluboj
Шкіряна вінтажна сумка жіноча Shvigel 16351 Зелений;https://tviy.club/sumki-genskiekoganye-genskie-sumki/2686-sumki-genskiekoganye-genskie-sumki/koganaya-vintagnaya-genskaya-sumka-shvigel-16351-zelenyj
Шкіряна жіноча бананка Shvigel 16373 Чорний;https://tviy.club/sumki-genskiekoganye-genskie-sumki/2686-sumki-genskiekoganye-genskie-sumki/koganaya-genskaya-bananka-shvigel-16373-chernyj
Шкіряна жіноча бананка Shvigel 16384 Білий;https://tviy.club/sumki-genskiekoganye-genskie-sumki/2686-sumki-genskiekoganye-genskie-sumki/koganaya-genskaya-bananka-shvigel-16384-belyj
Шкіряна жіноча сумка Vintage 20686 Чорний;https://tviy.club/sumki-genskiekoganye-genskie-sumki/2686-sumki-genskiekoganye-genskie-sumki/koganaya-genskaya-sumka-vintage-20686-chernyj
Шкіряна жіноча сумка-шоппер Shvigel 16360 Сірий;https://tviy.club/sumki-genskiekoganye-genskie-sumki/2686-sumki-genskiekoganye-genskie-sumki/koganaya-genskaya-sumka-shopper-shvigel-16360-seryj
Шкіряна жіноча сумка-шоппер Shvigel 16367 Зелений;https://tviy.club/sumki-genskiekoganye-genskie-sumki/2686-sumki-genskiekoganye-genskie-sumki/koganaya-genskaya-sumka-shopper-shvigel-16367-zelenyj
Шкіряна жіноча сумка-шоппер Shvigel 16370 Коричневий;https://tviy.club/sumki-genskiekoganye-genskie-sumki/2686-sumki-genskiekoganye-genskie-sumki/koganaya-genskaya-sumka-shopper-shvigel-16370-korichnevyj
Шкіряна матова бананка Shvigel 16381 Коричневий;https://tviy.club/sumki-genskiekoganye-genskie-sumki/2686-sumki-genskiekoganye-genskie-sumki/koganaya-matovaya-bananka-shvigel-16381-korichnevyj
Шкіряна матова жіноча сумка Shvigel 16363 Коричневий;https://tviy.club/sumki-genskiekoganye-genskie-sumki/2686-sumki-genskiekoganye-genskie-sumki/koganaya-matovaya-genskaya-sumka-shvigel-16363-korichnevyj
Шкіряна практична жіноча бананка Shvigel 16376 Ліловий.;https://tviy.club/sumki-genskiekoganye-genskie-sumki/2686-sumki-genskiekoganye-genskie-sumki/koganaya-praktichnaya-genskaya-bananka-shvigel-16376-lilovyj
Шкіряна сумка жіноча сумка Shvigel 16355 Червоний;https://tviy.club/sumki-genskiekoganye-genskie-sumki/2686-sumki-genskiekoganye-genskie-sumki/koganaya-vmestitelnaya-genskaya-sumka-shvigel-16355-krasnyj
Шкіряна сумка на пояс Shvigel 16390 Зелений;https://tviy.club/sumki-genskiekoganye-genskie-sumki/2686-sumki-genskiekoganye-genskie-sumki/koganaya-genskaya-sumka-na-poyas-shvigel-16390-zelenyj
Шкіряна універсальна жіноча бананка Shvigel 16383 Чорний;https://tviy.club/sumki-genskiekoganye-genskie-sumki/2686-sumki-genskiekoganye-genskie-sumki/koganaya-universalnaya-genskaya-bananka-shvigel-16383-chernyj
Шкіряна універсальна жіноча сумка Shvigel 16354 Чорний;https://tviy.club/sumki-genskiekoganye-genskie-sumki/2686-sumki-genskiekoganye-genskie-sumki/koganaya-universalnaya-genskaya-sumka-shvigel-16354-chernyj
Шкіряна яскрава жіноча бананка Shvigel 16377 Жовтий;https://tviy.club/sumki-genskiekoganye-genskie-sumki/2686-sumki-genskiekoganye-genskie-sumki/koganaya-yarkaya-genskaya-bananka-shvigel-16377-geltyj
Яскрава жіноча бананка із натуральної шкіри Shvigel 16386 Фіолетовий;https://tviy.club/sumki-genskiekoganye-genskie-sumki/2686-sumki-genskiekoganye-genskie-sumki/yarkaya-genskaya-bananka-iz-naturalnoj-kogi-shvigel-16386-fioletovyj
Яскрава жіноча сумка-шоппер Shvigel 16359 Лимонний;https://tviy.club/sumki-genskiekoganye-genskie-sumki/2686-sumki-genskiekoganye-genskie-sumki/yarkaya-genskaya-sumka-shopper-shvigel-16359-limonnyj
Яскрава жіноча сумка-шоппер із натуральної шкіри Shvigel 16366 Червоний;https://tviy.club/sumki-genskiekoganye-genskie-sumki/2686-sumki-genskiekoganye-genskie-sumki/yarkaya-genskaya-sumka-shopper-iz-naturalnoj-kogi-shvigel-16366-krasnyj
Барсетка жіноча STINGRAY LEATHER 18292 з натуральної шкіри морського ската Чорна;https://tviy.club/sumki-genskiekoganye-genskie-sumki/sumki-genskieklatchi-vechernie-sumki/barsetka-genskaya-stingray-leather-18292-iz-naturalnoj-kogi-morskogo-skatachernaya
Горизонтальний клатч STINGRAY LEATHER 18291 з натуральної шкіри морського ската Бордовий;https://tviy.club/sumki-genskiekoganye-genskie-sumki/sumki-genskieklatchi-vechernie-sumki/gorizontalnyj-klatch-stingray-leather-18291-iz-naturalnoj-kogi-morskogo-skatabordovyj
Жіноча компактна сумка зі шкіри 20415 Vintage Чорна;https://tviy.club/sumki-genskiekoganye-genskie-sumki/2686-sumki-genskiekoganye-genskie-sumki/genskaya-kompaktnaya-sumka-iz-kogi-20415-vintage-chernaya
Жіночий клатч Vintage 14901 Червоний;https://tviy.club/sumki-genskiekoganye-genskie-sumki/2686-sumki-genskiekoganye-genskie-sumki/genskij-klatch-vintage-14901-krasnyj
Жіночий клатч Vintage 14902 Чорний;https://tviy.club/sumki-genskiekoganye-genskie-sumki/2686-sumki-genskiekoganye-genskie-sumki/genskij-klatch-vintage-14902-chernyj
Клатч CROCODILE LEATHER 18244 з натуральної шкіри крокодила Чорний;https://tviy.club/sumki-genskiekoganye-genskie-sumki/2686-sumki-genskiekoganye-genskie-sumki/klatch-crocodile-leather-18244-iz-naturalnoj-kogi-krokodila-chernyj
Клатч CROCODILE LEATHER 18245 з натуральної шкіри крокодила Коричневий;https://tviy.club/sumki-genskiekoganye-genskie-sumki/2686-sumki-genskiekoganye-genskie-sumki/klatch-crocodile-leather-18245-iz-naturalnoj-kogi-krokodila-korichnevyj
